Image,7,,,,,
id,creator,date_created,last_modified,title,description,resource
18,User:1,2009.10.13.13.08.26 -0700,2009.10.19.10.45.28 -0700,NULL,crop bottom,Resource:18
23,User:1,2009.10.13.13.30.23 -0700,2009.10.13.13.30.23 -0700,NULL,NULL,Resource:23
32,User:1,2009.10.13.13.48.49 -0700,2009.10.13.13.48.49 -0700,NULL,NULL,Resource:32
40,User:1,2009.10.13.13.58.39 -0700,2009.10.13.13.58.39 -0700,NULL,NULL,Resource:39
71,User:1,2009.11.02.14.45.06 -0800,2009.11.05.15.57.48 -0800,NULL,<ROOT><P>not for homepage</P></ROOT>,Resource:70
75,User:1,2009.11.03.12.51.15 -0800,2009.11.03.12.51.15 -0800,NULL,<ROOT><P>not for homepage</P></ROOT>,Resource:74
83,User:1,2010.07.22.13.01.15 -0700,2010.07.22.13.01.15 -0700,NULL,NULL,Resource:84
92,User:1,2010.07.22.13.24.52 -0700,2010.07.22.13.48.10 -0700,NULL,<ROOT/>,Resource:104
97,User:1,2010.07.22.13.38.57 -0700,2010.07.22.13.38.57 -0700,NULL,NULL,Resource:98
99,User:1,2010.07.22.13.46.22 -0700,2010.07.22.13.46.22 -0700,NULL,NULL,Resource:102